﻿{
  "Routes": [
    {
      "DownstreamPathTemplate": "/api/StudentAttendance",
      "DownstreamScheme": "https",
      "DownstreamHostAndPorts": [
        {
          "Host": "localhost",
          "Port": 7256
        }
      ],
      "UpstreamPathTemplate": "/ApiGateway/StudentAttendance",
      "UpstreamHttpMethod": [ "Get", "Post" ]
    },
    {
      "DownstreamPathTemplate": "/api/StudentAdmission",
      "DownstreamScheme": "https",
      "DownstreamHostAndPorts": [
        {
          "Host": "localhost",
          "Port": 7196
        }
      ],
      "UpstreamPathTemplate": "/ApiGateway/StudentAdmission",
      "UpstreamHttpMethod": ["Get","Post"]
    }
  ]
}